scenario,num_agents,state_dim,mixing_depth,mean_action_budget,conflict_level,rho,shared_target,competitive_extension,mean_target_overlap,sample_idx,baseline,mean_abs_utility_error,mean_rel_utility_error,mean_abs_fidelity_error,kl_divergence,l2_distribution_error,br_match_rate,spearman_rank_correlation
no_mixing_low_conflict,2,4,0,4.0,low,0.85,False,False,0.835310119877596,0,no_mixing,0.0,0.0,0.0,0.0,0.0,1.0,1.0
no_mixing_low_conflict,2,4,0,4.0,low,0.85,False,False,0.835310119877596,0,aggregate,0.08677218821652966,0.817330123756113,0.08677218821652964,5.551115123125786e-17,1.2412670766236366e-16,0.5,0.7023809523809524
no_mixing_low_conflict,2,4,0,4.0,low,0.85,False,False,0.835310119877596,0,mean_field,8.326672684688674e-17,7.614470139803585e-16,6.938893903907228e-17,5.551115123125786e-17,1.2412670766236366e-16,1.0,1.0
no_mixing_low_conflict,2,4,0,4.0,low,0.85,False,False,0.835310119877596,0,sampling,0.01517995455124882,0.09038041581493969,0.015179954551248827,0.014464535910821419,0.08005430285905948,1.0,1.0
no_mixing_low_conflict,2,4,0,4.0,low,0.85,False,False,0.835310119877596,1,no_mixing,0.0,0.0,0.0,0.0,0.0,1.0,1.0
no_mixing_low_conflict,2,4,0,4.0,low,0.85,False,False,0.835310119877596,1,aggregate,0.19042883992584236,1.8024078719027503,0.19042883992584236,0.0,0.0,0.0,0.7261904761904763
no_mixing_low_conflict,2,4,0,4.0,low,0.85,False,False,0.835310119877596,1,mean_field,1.0408340855860843e-16,9.186286648629399e-16,1.0408340855860843e-16,0.0,0.0,1.0,1.0
no_mixing_low_conflict,2,4,0,4.0,low,0.85,False,False,0.835310119877596,1,sampling,0.06433021653442783,0.5805873285741102,0.06433021653442783,0.014464535910821294,0.08005430285905936,1.0,0.9880952380952381
no_mixing_low_conflict,2,4,0,4.0,low,0.85,False,False,0.835310119877596,2,no_mixing,0.0,0.0,0.0,0.0,0.0,1.0,1.0
no_mixing_low_conflict,2,4,0,4.0,low,0.85,False,False,0.835310119877596,2,aggregate,0.06213441694768565,0.3489052990724308,0.06213441694768565,0.0,0.0,0.5,0.7261904761904763
no_mixing_low_conflict,2,4,0,4.0,low,0.85,False,False,0.835310119877596,2,mean_field,8.326672684688674e-17,4.718572425678917e-16,5.551115123125783e-17,-1.1102230246251568e-16,1.1102230246251565e-16,1.0,1.0
no_mixing_low_conflict,2,4,0,4.0,low,0.85,False,False,0.835310119877596,2,sampling,0.021782864037657973,0.1213068054305381,0.021782864037657973,0.014464535910821294,0.08005430285905936,1.0,1.0
no_mixing_low_conflict,2,4,0,4.0,low,0.85,False,False,0.835310119877596,3,no_mixing,0.0,0.0,0.0,0.0,0.0,1.0,1.0
no_mixing_low_conflict,2,4,0,4.0,low,0.85,False,False,0.835310119877596,3,aggregate,0.04278337402756251,0.19744414493383267,0.04278337402756251,1.1102230246251568e-16,1.1102230246251565e-16,1.0,0.75
no_mixing_low_conflict,2,4,0,4.0,low,0.85,False,False,0.835310119877596,3,mean_field,4.163336342344337e-17,2.0400283418734845e-16,2.6020852139652106e-17,2.220446049250313e-16,1.7554167342883506e-16,1.0,1.0
no_mixing_low_conflict,2,4,0,4.0,low,0.85,False,False,0.835310119877596,3,sampling,0.01331700412136616,0.08176274716257285,0.013317004121366155,0.014464535910821447,0.08005430285905946,1.0,0.9404761904761906
no_mixing_low_conflict,2,4,0,4.0,low,0.85,False,False,0.835310119877596,4,no_mixing,0.0,0.0,0.0,0.0,0.0,1.0,1.0
no_mixing_low_conflict,2,4,0,4.0,low,0.85,False,False,0.835310119877596,4,aggregate,0.2595215576784525,6.62178112127403,0.2595215576784525,-5.5511151231257815e-17,5.551115123125783e-17,0.0,0.6666666666666667
no_mixing_low_conflict,2,4,0,4.0,low,0.85,False,False,0.835310119877596,4,mean_field,0.0,0.0,0.0,6.162975822039155e-33,7.850462293418876e-17,1.0,1.0
no_mixing_low_conflict,2,4,0,4.0,low,0.85,False,False,0.835310119877596,4,sampling,0.05868879335576145,0.8463320482053677,0.058688793355761465,0.014464535910821238,0.08005430285905932,1.0,0.9404761904761906
no_mixing_low_conflict,2,4,0,4.0,low,0.85,False,False,0.835310119877596,5,no_mixing,0.0,0.0,0.0,0.0,0.0,1.0,1.0
no_mixing_low_conflict,2,4,0,4.0,low,0.85,False,False,0.835310119877596,5,aggregate,0.05373196700552582,50.64728438066474,0.05373196700552582,0.0,0.0,0.0,0.4761904761904763
no_mixing_low_conflict,2,4,0,4.0,low,0.85,False,False,0.835310119877596,5,mean_field,8.326672684688674e-17,6.349714779263643e-16,8.326672684688674e-17,5.551115123125782e-17,5.551115123125783e-17,1.0,1.0
no_mixing_low_conflict,2,4,0,4.0,low,0.85,False,False,0.835310119877596,5,sampling,0.033763302141907925,40.990643613949025,0.033763302141907925,0.014464535910821294,0.08005430285905936,1.0,0.9404761904761905
no_mixing_low_conflict,2,4,0,4.0,low,0.85,False,False,0.835310119877596,6,no_mixing,0.0,0.0,0.0,0.0,0.0,1.0,1.0
no_mixing_low_conflict,2,4,0,4.0,low,0.85,False,False,0.835310119877596,6,aggregate,0.08598083235217119,0.9568789720795932,0.08598083235217119,5.551115123125786e-17,1.2412670766236366e-16,1.0,0.9285714285714286
no_mixing_low_conflict,2,4,0,4.0,low,0.85,False,False,0.835310119877596,6,mean_field,4.163336342344337e-17,4.345985070404276e-16,4.163336342344337e-17,1.665334536937735e-16,1.6653345369377348e-16,1.0,1.0
no_mixing_low_conflict,2,4,0,4.0,low,0.85,False,False,0.835310119877596,6,sampling,0.03876807559723806,0.4071899553504467,0.03876807559723806,0.014464535910821419,0.08005430285905948,1.0,0.9761904761904763
no_mixing_low_conflict,2,4,0,4.0,low,0.85,False,False,0.835310119877596,7,no_mixing,0.0,0.0,0.0,0.0,0.0,1.0,1.0
no_mixing_low_conflict,2,4,0,4.0,low,0.85,False,False,0.835310119877596,7,aggregate,0.09896594827443525,0.8670297344277215,0.09896594827443525,5.551115123125786e-17,1.2412670766236366e-16,0.0,0.8690476190476192
no_mixing_low_conflict,2,4,0,4.0,low,0.85,False,False,0.835310119877596,7,mean_field,1.3877787807814457e-16,1.0604317243889793e-15,1.3877787807814457e-16,-5.5511151231257815e-17,5.551115123125783e-17,1.0,1.0
no_mixing_low_conflict,2,4,0,4.0,low,0.85,False,False,0.835310119877596,7,sampling,0.0777241263723219,0.4580370008000565,0.0777241263723219,0.01446453591082135,0.08005430285905935,1.0,0.9761904761904763
no_mixing_low_conflict,2,4,0,4.0,low,0.85,False,False,0.835310119877596,8,no_mixing,0.0,0.0,0.0,0.0,0.0,1.0,1.0
no_mixing_low_conflict,2,4,0,4.0,low,0.85,False,False,0.835310119877596,8,aggregate,0.21026932760722306,0.6952945266284998,0.21026932760722306,-5.5511151231257815e-17,5.551115123125783e-17,0.5,0.773809523809524
no_mixing_low_conflict,2,4,0,4.0,low,0.85,False,False,0.835310119877596,8,mean_field,8.326672684688674e-17,4.1661905007013967e-16,8.326672684688674e-17,6.162975822039155e-33,7.850462293418876e-17,1.0,1.0
no_mixing_low_conflict,2,4,0,4.0,low,0.85,False,False,0.835310119877596,8,sampling,0.07108712936578702,0.3043727660431995,0.07108712936578704,0.014464535910821238,0.08005430285905936,1.0,1.0
no_mixing_low_conflict,2,4,0,4.0,low,0.85,False,False,0.835310119877596,9,no_mixing,0.0,0.0,0.0,0.0,0.0,1.0,1.0
no_mixing_low_conflict,2,4,0,4.0,low,0.85,False,False,0.835310119877596,9,aggregate,0.027718491397617076,0.1363881185066082,0.027718491397617083,-1.6653345369377343e-16,9.614813431917819e-17,0.0,0.630952380952381
no_mixing_low_conflict,2,4,0,4.0,low,0.85,False,False,0.835310119877596,9,mean_field,1.3877787807814457e-17,7.028645915587897e-17,1.0408340855860843e-17,-5.5511151231257815e-17,5.551115123125783e-17,1.0,1.0
no_mixing_low_conflict,2,4,0,4.0,low,0.85,False,False,0.835310119877596,9,sampling,0.013422014392847625,0.06709730045667785,0.013422014392847624,0.014464535910821155,0.0800543028590594,1.0,0.9523809523809526
shallow_medium_conflict,2,4,1,4.0,medium,0.5,False,False,0.5874194458788566,0,no_mixing,0.27217274649752454,38.2566915049647,0.27217274649752454,0.40981313709801304,0.41856555764206554,0.0,0.5595238095238095
shallow_medium_conflict,2,4,1,4.0,medium,0.5,False,False,0.5874194458788566,0,aggregate,0.21719618230671095,12.177078508465575,0.21719618230671095,0.5729366413355803,0.5094037654144785,0.0,0.511904761904762
shallow_medium_conflict,2,4,1,4.0,medium,0.5,False,False,0.5874194458788566,0,mean_field,0.2179260208956241,20.108386090505892,0.2179260208956241,0.45061798355982585,0.4565110728934205,0.5,0.4761904761904762
shallow_medium_conflict,2,4,1,4.0,medium,0.5,False,False,0.5874194458788566,0,sampling,0.014735060667187105,1.9753531779412,0.014735060667187105,0.003331997665397206,0.051986045735019186,1.0,0.9642857142857144
shallow_medium_conflict,2,4,1,4.0,medium,0.5,False,False,0.5874194458788566,1,no_mixing,0.3622484326127019,21.364390682271544,0.3622484326127019,0.09430054272627329,0.21036682788314495,0.0,0.5714285714285715
shallow_medium_conflict,2,4,1,4.0,medium,0.5,False,False,0.5874194458788566,1,aggregate,0.1989208431210252,8.03831680691617,0.1989208431210252,0.2624680192883185,0.355221966293597,1.0,0.41666666666666674
shallow_medium_conflict,2,4,1,4.0,medium,0.5,False,False,0.5874194458788566,1,mean_field,0.08806876603598313,0.9404129948519171,0.08806876603598313,0.4257543965757157,0.415219651196345,0.5,0.9047619047619049
shallow_medium_conflict,2,4,1,4.0,medium,0.5,False,False,0.5874194458788566,1,sampling,0.02194939588425575,0.8649853043068009,0.02194939588425575,0.002288350755699187,0.03694640916037134,1.0,0.9761904761904763
shallow_medium_conflict,2,4,1,4.0,medium,0.5,False,False,0.5874194458788566,2,no_mixing,0.2228293888093515,1.7279277195266367,0.2228293888093515,0.012679912143114105,0.07973969178407346,0.5,0.047619047619047616
shallow_medium_conflict,2,4,1,4.0,medium,0.5,False,False,0.5874194458788566,2,aggregate,0.2853084756166161,2.281621517150418,0.2853084756166161,0.04551868591708176,0.16468220555583787,0.0,0.5476190476190477
shallow_medium_conflict,2,4,1,4.0,medium,0.5,False,False,0.5874194458788566,2,mean_field,0.17967368517510274,1.40355180438975,0.17967368517510274,0.3845086361506781,0.3837507120981952,0.5,0.7023809523809524
shallow_medium_conflict,2,4,1,4.0,medium,0.5,False,False,0.5874194458788566,2,sampling,0.055406432431028926,0.556943067312891,0.055406432431028926,0.005331775722794336,0.05166321056563163,1.0,1.0
shallow_medium_conflict,2,4,1,4.0,medium,0.5,False,False,0.5874194458788566,3,no_mixing,0.1890730008307897,2.086040695946581,0.1890730008307897,0.0746576130371207,0.20401466587894077,0.0,-0.4285714285714286
shallow_medium_conflict,2,4,1,4.0,medium,0.5,False,False,0.5874194458788566,3,aggregate,0.23188693252932158,3.063258216858535,0.23188693252932158,0.2240986791444558,0.3389608728162119,0.0,-0.1785714285714286
shallow_medium_conflict,2,4,1,4.0,medium,0.5,False,False,0.5874194458788566,3,mean_field,0.28230488095002265,1.9444082521150983,0.28230488095002265,0.1276193855428175,0.21121868268672728,0.5,0.07142857142857142
shallow_medium_conflict,2,4,1,4.0,medium,0.5,False,False,0.5874194458788566,3,sampling,0.020444442706377908,0.3628980597563623,0.0204444427063779,0.003754628674603122,0.04157711473751217,1.0,0.9761904761904763
shallow_medium_conflict,2,4,1,4.0,medium,0.5,False,False,0.5874194458788566,4,no_mixing,0.14900538576666525,0.6776718726068535,0.14900538576666525,0.17159823575278027,0.2839310608845196,0.0,0.17857142857142858
shallow_medium_conflict,2,4,1,4.0,medium,0.5,False,False,0.5874194458788566,4,aggregate,0.33588207845935036,0.9911407837999289,0.33588207845935036,0.4446999959230478,0.45121291378284417,0.5,0.3690476190476191
shallow_medium_conflict,2,4,1,4.0,medium,0.5,False,False,0.5874194458788566,4,mean_field,0.11514993380461755,0.2914968041158751,0.11514993380461758,0.05845763058081643,0.13808678500976584,0.5,0.7857142857142858
shallow_medium_conflict,2,4,1,4.0,medium,0.5,False,False,0.5874194458788566,4,sampling,0.006616720874638042,0.020098555705935457,0.006616720874638042,0.0016068467202962691,0.03184627832413179,1.0,0.9404761904761905
shallow_medium_conflict,2,4,1,4.0,medium,0.5,False,False,0.5874194458788566,5,no_mixing,0.3230093744820546,0.9294825234912029,0.3230093744820546,0.04863396448578665,0.1491405955718962,0.0,-0.10714285714285715
shallow_medium_conflict,2,4,1,4.0,medium,0.5,False,False,0.5874194458788566,5,aggregate,0.4015133439027197,1.0663644976585602,0.4015133439027197,0.19593086214674565,0.2956339692907294,0.0,-0.047619047619047644
shallow_medium_conflict,2,4,1,4.0,medium,0.5,False,False,0.5874194458788566,5,mean_field,0.08937051462572226,0.3417061359524391,0.08937051462572226,0.22948737468977276,0.262441932300584,0.5,0.5952380952380953
shallow_medium_conflict,2,4,1,4.0,medium,0.5,False,False,0.5874194458788566,5,sampling,0.00961447837846844,0.06915317868291655,0.009614478378468447,0.0037919954460911586,0.04831181489436438,1.0,0.9880952380952381
shallow_medium_conflict,2,4,1,4.0,medium,0.5,False,False,0.5874194458788566,6,no_mixing,0.5483064106549557,6.490293830157061,0.5483064106549557,0.23712345645110522,0.3734343957524654,0.0,-0.14285714285714293
shallow_medium_conflict,2,4,1,4.0,medium,0.5,False,False,0.5874194458788566,6,aggregate,0.37782357759934304,2.0858001556867394,0.37782357759934315,0.6430021059366408,0.5555060617738495,0.0,-0.14285714285714288
shallow_medium_conflict,2,4,1,4.0,medium,0.5,False,False,0.5874194458788566,6,mean_field,0.05567372347465277,0.5857157062879285,0.05567372347465277,0.047161215105159235,0.16856511673081484,0.0,0.630952380952381
shallow_medium_conflict,2,4,1,4.0,medium,0.5,False,False,0.5874194458788566,6,sampling,0.050404647421660564,1.2025800198365342,0.050404647421660564,0.004820883484564024,0.045889933583152444,1.0,0.9523809523809526
shallow_medium_conflict,2,4,1,4.0,medium,0.5,False,False,0.5874194458788566,7,no_mixing,0.4625125302122296,1.1373115794306266,0.4625125302122296,0.36301595389672653,0.3829683704956382,0.0,0.1428571428571429
shallow_medium_conflict,2,4,1,4.0,medium,0.5,False,False,0.5874194458788566,7,aggregate,0.3281405939700412,0.47926878830754804,0.3281405939700412,0.5550770050573766,0.47676456533544426,0.5,0.28571428571428575
shallow_medium_conflict,2,4,1,4.0,medium,0.5,False,False,0.5874194458788566,7,mean_field,0.0936891608594431,0.13288308971357815,0.0936891608594431,0.1581369801579399,0.30925075825062864,0.5,0.5476190476190477
shallow_medium_conflict,2,4,1,4.0,medium,0.5,False,False,0.5874194458788566,7,sampling,0.012136664007589268,0.08661522156291951,0.012136664007589268,0.09875396323373202,0.05800268797905876,1.0,0.9880952380952381
shallow_medium_conflict,2,4,1,4.0,medium,0.5,False,False,0.5874194458788566,8,no_mixing,0.5418713421283825,2.2789950926587648,0.5418713421283825,0.12666938835859096,0.22443391533926363,0.0,0.1547619047619048
shallow_medium_conflict,2,4,1,4.0,medium,0.5,False,False,0.5874194458788566,8,aggregate,0.1478074178148903,0.5850010269214342,0.1478074178148903,0.14040413617893222,0.22991084838675888,1.0,0.3928571428571429
shallow_medium_conflict,2,4,1,4.0,medium,0.5,False,False,0.5874194458788566,8,mean_field,0.26053551533404923,1.0565095196220422,0.26053551533404923,0.47840643383050596,0.4512327657942083,1.0,0.45238095238095244
shallow_medium_conflict,2,4,1,4.0,medium,0.5,False,False,0.5874194458788566,8,sampling,0.0003073876797696079,0.0013333979355976443,0.0003073876797696228,0.0014914479772804327,0.029320361585078836,1.0,0.9404761904761906
shallow_medium_conflict,2,4,1,4.0,medium,0.5,False,False,0.5874194458788566,9,no_mixing,0.2926018460579806,8.771310703739411,0.2926018460579806,0.0603878830615643,0.17645368130644476,0.0,-0.29761904761904767
shallow_medium_conflict,2,4,1,4.0,medium,0.5,False,False,0.5874194458788566,9,aggregate,0.21075467619737492,4.461181938197499,0.21075467619737498,0.13027368106267262,0.21836311271437908,0.5,0.1547619047619048
shallow_medium_conflict,2,4,1,4.0,medium,0.5,False,False,0.5874194458788566,9,mean_field,0.27991965323509327,10.545910391565215,0.27991965323509327,0.40427706917946193,0.27969965093900545,1.0,0.4166666666666667
shallow_medium_conflict,2,4,1,4.0,medium,0.5,False,False,0.5874194458788566,9,sampling,0.016412214995575866,0.44291467573237514,0.016412214995575866,0.0027650399132422634,0.036586938746857395,1.0,1.0
deep_high_conflict,2,4,3,4.0,high,0.15,False,False,0.5304687700150712,0,no_mixing,0.29360828584456716,7.599383463096648,0.29360828584456716,0.4346448217654811,0.45736320587446844,0.0,-0.2976190476190476
deep_high_conflict,2,4,3,4.0,high,0.15,False,False,0.5304687700150712,0,aggregate,0.13961035335094868,3.8657631658387372,0.13961035335094868,0.6915863683454511,0.5636050591252932,0.5,0.0357142857142857
deep_high_conflict,2,4,3,4.0,high,0.15,False,False,0.5304687700150712,0,mean_field,0.05427452146259255,0.6414199165761557,0.05427452146259254,0.2807347635872238,0.3172243214393852,0.0,0.2142857142857143
deep_high_conflict,2,4,3,4.0,high,0.15,False,False,0.5304687700150712,0,sampling,0.02873013397192435,1.476146370500263,0.028730133971924345,0.004727562933799383,0.021961154322285886,0.5,0.9404761904761905
deep_high_conflict,2,4,3,4.0,high,0.15,False,False,0.5304687700150712,1,no_mixing,0.07865690578125087,4.983321620795664,0.07865690578125087,0.32258709424048115,0.43450942663837916,0.5,0.5238095238095238
deep_high_conflict,2,4,3,4.0,high,0.15,False,False,0.5304687700150712,1,aggregate,0.06096593504344036,1.4246655964997166,0.06096593504344036,0.4740721591818113,0.46454191711009885,0.5,0.8095238095238096
deep_high_conflict,2,4,3,4.0,high,0.15,False,False,0.5304687700150712,1,mean_field,0.09652060857142444,4.4485694202566854,0.09652060857142444,0.031245106696272507,0.14093305559704833,0.5,0.7023809523809526
deep_high_conflict,2,4,3,4.0,high,0.15,False,False,0.5304687700150712,1,sampling,0.009952690693395591,0.8115280450206681,0.009952690693395591,0.0011744971118729615,0.01721103262056544,1.0,0.9166666666666667
deep_high_conflict,2,4,3,4.0,high,0.15,False,False,0.5304687700150712,2,no_mixing,0.20856068160761754,1.5328791609008863,0.20856068160761754,0.3228357145069412,0.3513443676633386,0.5,0.3690476190476191
deep_high_conflict,2,4,3,4.0,high,0.15,False,False,0.5304687700150712,2,aggregate,0.2197836644514822,1.6697207818966393,0.2197836644514822,0.6202710240360894,0.4588852979141064,0.5,0.6071428571428572
deep_high_conflict,2,4,3,4.0,high,0.15,False,False,0.5304687700150712,2,mean_field,0.2627997891381605,2.029646229775401,0.2627997891381605,0.09939453029245938,0.13021855211405978,1.0,0.7619047619047619
deep_high_conflict,2,4,3,4.0,high,0.15,False,False,0.5304687700150712,2,sampling,0.03952632197874413,0.2798005856620188,0.03952632197874413,0.12609255421296647,0.03401110890853719,1.0,0.8690476190476192
deep_high_conflict,2,4,3,4.0,high,0.15,False,False,0.5304687700150712,3,no_mixing,0.22575158232333353,1.6626044331855996,0.22575158232333353,0.05184835401278054,0.16796241410894214,0.0,-0.011904761904761911
deep_high_conflict,2,4,3,4.0,high,0.15,False,False,0.5304687700150712,3,aggregate,0.3024676027713499,1.7171056310292143,0.3024676027713499,0.42175265347912577,0.4267536581302682,0.5,0.34523809523809523
deep_high_conflict,2,4,3,4.0,high,0.15,False,False,0.5304687700150712,3,mean_field,0.07546437242650818,0.4781998808923391,0.07546437242650818,0.208472397680755,0.3507817498007997,1.0,0.8452380952380953
deep_high_conflict,2,4,3,4.0,high,0.15,False,False,0.5304687700150712,3,sampling,0.0015793090121565823,0.015575432332792832,0.0015793090121565849,0.000280254398282798,0.012317535017088958,1.0,0.9761904761904763
deep_high_conflict,2,4,3,4.0,high,0.15,False,False,0.5304687700150712,4,no_mixing,0.20028245250736135,0.9211183733364019,0.20028245250736135,0.7600327127610224,0.6738491488272801,0.5,-0.02380952380952383
deep_high_conflict,2,4,3,4.0,high,0.15,False,False,0.5304687700150712,4,aggregate,0.16755238610817721,0.7352449555221209,0.16755238610817721,1.1332491581349484,0.8220566641759403,0.0,0.6666666666666667
deep_high_conflict,2,4,3,4.0,high,0.15,False,False,0.5304687700150712,4,mean_field,0.04289574591097932,0.18503499253133043,0.04289574591097932,0.031367690144048666,0.07810686316703186,0.0,0.4047619047619048
deep_high_conflict,2,4,3,4.0,high,0.15,False,False,0.5304687700150712,4,sampling,0.0019172554434831734,0.00830593168055972,0.0019172554434831596,0.0006815266955184553,0.01565935432578972,0.5,0.9285714285714286
deep_high_conflict,2,4,3,4.0,high,0.15,False,False,0.5304687700150712,5,no_mixing,0.1690703629576807,0.7403542994297935,0.1690703629576807,0.07522097903853195,0.1944960517612396,0.0,0.25
deep_high_conflict,2,4,3,4.0,high,0.15,False,False,0.5304687700150712,5,aggregate,0.15202670653845973,0.6743824619702091,0.15202670653845973,0.588778073724831,0.39399218566051986,0.5,0.7023809523809524
deep_high_conflict,2,4,3,4.0,high,0.15,False,False,0.5304687700150712,5,mean_field,0.1284847479399959,0.5676587745215296,0.1284847479399959,0.05144744789008768,0.15284413120962642,0.0,0.5714285714285715
deep_high_conflict,2,4,3,4.0,high,0.15,False,False,0.5304687700150712,5,sampling,0.0006568139110299381,0.002918818511716329,0.0006568139110299412,0.0026228264300349764,0.03278715152074577,1.0,0.9642857142857144
deep_high_conflict,2,4,3,4.0,high,0.15,False,False,0.5304687700150712,6,no_mixing,0.12147716154974753,0.8608927269708522,0.12147716154974753,0.5852958321554385,0.5249368004643606,0.5,-0.023809523809523815
deep_high_conflict,2,4,3,4.0,high,0.15,False,False,0.5304687700150712,6,aggregate,0.01532670334122932,0.12101514739925347,0.015326703341229334,0.9475611092610869,0.6668970874180002,0.0,0.059523809523809534
deep_high_conflict,2,4,3,4.0,high,0.15,False,False,0.5304687700150712,6,mean_field,0.054943260925785956,0.7246495057557583,0.05494326092578596,0.21413157633944488,0.28179531259747836,0.5,0.5
deep_high_conflict,2,4,3,4.0,high,0.15,False,False,0.5304687700150712,6,sampling,0.06140930259731153,0.32976927893270913,0.061409302597311546,0.007584120072831567,0.038680478593047206,0.5,0.9404761904761905
deep_high_conflict,2,4,3,4.0,high,0.15,False,False,0.5304687700150712,7,no_mixing,0.22527549649612655,5.233179881157667,0.22527549649612655,0.21663439218703,0.34748965857495434,0.5,0.27380952380952384
deep_high_conflict,2,4,3,4.0,high,0.15,False,False,0.5304687700150712,7,aggregate,0.2316815572122748,2.3331111610380906,0.2316815572122748,0.500708380788071,0.49689775385650536,0.0,0.130952380952381
deep_high_conflict,2,4,3,4.0,high,0.15,False,False,0.5304687700150712,7,mean_field,0.09185830600120212,1.2583199000973724,0.09185830600120212,0.26652858336543866,0.24088344747426174,1.0,0.9523809523809523
deep_high_conflict,2,4,3,4.0,high,0.15,False,False,0.5304687700150712,7,sampling,0.02232302734925122,0.3939964465210373,0.02232302734925122,0.002876635375155435,0.03161956073801181,1.0,0.9880952380952381
deep_high_conflict,2,4,3,4.0,high,0.15,False,False,0.5304687700150712,8,no_mixing,0.33295687054907086,11.691551838366397,0.33295687054907086,0.10198916049369887,0.21321217371926532,0.0,0.16666666666666669
deep_high_conflict,2,4,3,4.0,high,0.15,False,False,0.5304687700150712,8,aggregate,0.053537021300943316,1.1090347625977621,0.05353702130094332,0.09728362026724768,0.1350755664367725,0.0,0.5357142857142857
deep_high_conflict,2,4,3,4.0,high,0.15,False,False,0.5304687700150712,8,mean_field,0.061189475416921296,1.9904595674694707,0.06118947541692129,0.041571226940067915,0.16620230934834637,0.5,0.7142857142857143
deep_high_conflict,2,4,3,4.0,high,0.15,False,False,0.5304687700150712,8,sampling,0.008052741871695704,0.09332412178196864,0.00805274187169571,0.0011907019231007562,0.025317166846877043,1.0,0.9880952380952381
deep_high_conflict,2,4,3,4.0,high,0.15,False,False,0.5304687700150712,9,no_mixing,0.3092959693078945,3.3315515945009926,0.3092959693078945,0.3335468537413103,0.3936278559925825,0.5,0.4642857142857143
deep_high_conflict,2,4,3,4.0,high,0.15,False,False,0.5304687700150712,9,aggregate,0.1087514756306959,1.902497444480641,0.10875147563069593,0.5873053439313942,0.5086337055719478,0.5,0.5238095238095238
deep_high_conflict,2,4,3,4.0,high,0.15,False,False,0.5304687700150712,9,mean_field,0.09408678828979322,1.123378909053466,0.0940867882897932,0.048750521729216074,0.05651711184092979,1.0,0.9404761904761906
deep_high_conflict,2,4,3,4.0,high,0.15,False,False,0.5304687700150712,9,sampling,0.03469932942634437,0.24088515016294432,0.03469932942634437,0.00240791103324476,0.02775152731407545,1.0,0.9761904761904763
deep_high_conflict_competitive,2,4,3,4.0,high,0.15,False,True,0.5304687700150712,0,no_mixing,0.2515126007930835,2.666701372797681,0.285809773628504,0.16375216979355994,0.2753828801628106,0.5,0.27380952380952384
deep_high_conflict_competitive,2,4,3,4.0,high,0.15,False,True,0.5304687700150712,0,aggregate,0.16687037135566454,1.4767729886232175,0.18962542199507335,0.03442637355636356,0.12779354430195963,1.0,0.892857142857143
deep_high_conflict_competitive,2,4,3,4.0,high,0.15,False,True,0.5304687700150712,0,mean_field,0.07668564569990086,0.66295155420418,0.06846932651776862,0.5825346960180795,0.4793107907533395,1.0,0.892857142857143
deep_high_conflict_competitive,2,4,3,4.0,high,0.15,False,True,0.5304687700150712,0,sampling,0.010034372261388244,0.08538812455572041,0.008959260947668073,0.004826936200443513,0.042844362150262244,1.0,0.9761904761904763
deep_high_conflict_competitive,2,4,3,4.0,high,0.15,False,True,0.5304687700150712,1,no_mixing,0.18633892022337384,2.2533325360036196,0.19976221940370253,0.21910697088398434,0.35659541457102983,0.5,0.25
deep_high_conflict_competitive,2,4,3,4.0,high,0.15,False,True,0.5304687700150712,1,aggregate,0.05274242914507444,0.38549890828784084,0.04709145459381645,0.5608943234731507,0.4306688682738921,0.5,0.75
deep_high_conflict_competitive,2,4,3,4.0,high,0.15,False,True,0.5304687700150712,1,mean_field,0.04242545765216102,0.5149346186489951,0.0461550307439144,0.05810508496908055,0.16888074038122458,0.5,0.3095238095238096
deep_high_conflict_competitive,2,4,3,4.0,high,0.15,False,True,0.5304687700150712,1,sampling,0.002641878543470491,0.03221227169673648,0.0029261806539019955,0.001197663135674286,0.02728451372355556,1.0,0.9404761904761905
deep_high_conflict_competitive,2,4,3,4.0,high,0.15,False,True,0.5304687700150712,2,no_mixing,0.16741174008352813,1.864696968158631,0.14947476793172151,0.4965944191327438,0.4682143090114302,0.0,0.21428571428571427
deep_high_conflict_competitive,2,4,3,4.0,high,0.15,False,True,0.5304687700150712,2,aggregate,0.08462753406109416,1.1776910499003606,0.09616765234215244,0.5245013139631025,0.5124008833671048,0.0,0.5476190476190477
deep_high_conflict_competitive,2,4,3,4.0,high,0.15,False,True,0.5304687700150712,2,mean_field,0.0435406415799383,0.3695109314164796,0.04947800179538441,0.1118415836794753,0.2099284510304475,0.5,0.7261904761904763
deep_high_conflict_competitive,2,4,3,4.0,high,0.15,False,True,0.5304687700150712,2,sampling,0.005167285775060204,0.07521497424067392,0.0058719156534775,0.0024161596835467584,0.03687401260969962,1.0,0.9523809523809526
deep_high_conflict_competitive,2,4,3,4.0,high,0.15,False,True,0.5304687700150712,3,no_mixing,0.18282010021985373,6.381374135223288,0.20775011388619746,0.703430846593081,0.6388757397028773,0.5,0.6071428571428572
deep_high_conflict_competitive,2,4,3,4.0,high,0.15,False,True,0.5304687700150712,3,aggregate,0.2112653210003878,5.639793673008418,0.24007422840953163,1.1387022655247474,0.8015930228594228,0.5,0.7500000000000002
deep_high_conflict_competitive,2,4,3,4.0,high,0.15,False,True,0.5304687700150712,3,mean_field,0.0535050309088413,1.0354542734871377,0.04777234902575117,0.12225131166334116,0.08723258292259382,0.5,0.8690476190476191
deep_high_conflict_competitive,2,4,3,4.0,high,0.15,False,True,0.5304687700150712,3,sampling,0.036030761863775906,0.6638527168610837,0.03217032309265706,0.008814286231830502,0.0258732016331807,1.0,0.9523809523809523
deep_high_conflict_competitive,2,4,3,4.0,high,0.15,False,True,0.5304687700150712,4,no_mixing,0.2044827130834458,1.5263586636260014,0.1825738509673623,0.45060770607109396,0.4663485626258249,0.0,0.10714285714285712
deep_high_conflict_competitive,2,4,3,4.0,high,0.15,False,True,0.5304687700150712,4,aggregate,0.10337296736483134,0.8352166890289269,0.11746928109639926,0.5269672559631674,0.5049969750270976,0.0,0.48809523809523814
deep_high_conflict_competitive,2,4,3,4.0,high,0.15,False,True,0.5304687700150712,4,mean_field,0.049409777145106575,0.4089578567589933,0.04411587245098801,0.10566636261580531,0.10247611341856887,1.0,0.9642857142857144
deep_high_conflict_competitive,2,4,3,4.0,high,0.15,False,True,0.5304687700150712,4,sampling,0.00903732415540922,0.07448087524245636,0.010269686540237754,0.0032542615492442,0.036487701062690114,0.5,0.9642857142857144
deep_high_conflict_competitive,2,4,3,4.0,high,0.15,False,True,0.5304687700150712,5,no_mixing,0.2040787220303584,1.7976214588148658,0.23190763867086178,0.12660940297861673,0.2614399671750907,0.0,0.5
deep_high_conflict_competitive,2,4,3,4.0,high,0.15,False,True,0.5304687700150712,5,aggregate,0.19558526070121215,1.1228602651972195,0.22225597806955927,0.267957633874054,0.3573024993233684,0.5,0.42857142857142866
deep_high_conflict_competitive,2,4,3,4.0,high,0.15,False,True,0.5304687700150712,5,mean_field,0.08089377677600448,0.6016368628660942,0.07222658640714687,0.20221840985146006,0.2233517265986342,0.5,0.8809523809523812
deep_high_conflict_competitive,2,4,3,4.0,high,0.15,False,True,0.5304687700150712,5,sampling,0.02066981081968544,0.1804521231118978,0.023488421386006174,0.005392434673996544,0.03975735764298617,0.5,0.9761904761904763
deep_high_conflict_competitive,2,4,3,4.0,high,0.15,False,True,0.5304687700150712,6,no_mixing,0.2667553481108792,1.7185039241474094,0.23817441795614214,0.18138067594316404,0.2834350917160712,0.0,-0.035714285714285754
deep_high_conflict_competitive,2,4,3,4.0,high,0.15,False,True,0.5304687700150712,6,aggregate,0.20442728954926107,0.9660685790960986,0.20937790105595025,0.34079258517260647,0.39552212371017936,0.5,0.27380952380952384
deep_high_conflict_competitive,2,4,3,4.0,high,0.15,False,True,0.5304687700150712,6,mean_field,0.05397377809022115,0.4352289806768904,0.048190873294840314,0.13403920919678802,0.15616830983242488,1.0,0.8452380952380953
deep_high_conflict_competitive,2,4,3,4.0,high,0.15,False,True,0.5304687700150712,6,sampling,0.0036623602614728502,0.06497225038570051,0.004161773024400978,0.0003947535314063602,0.013216827822950741,0.5,0.9880952380952381
deep_high_conflict_competitive,2,4,3,4.0,high,0.15,False,True,0.5304687700150712,7,no_mixing,0.36955699431918987,1.352453186137394,0.38541743736778233,0.6176009663736868,0.57798638677538,0.5,0.4761904761904763
deep_high_conflict_competitive,2,4,3,4.0,high,0.15,False,True,0.5304687700150712,7,aggregate,0.2229886431256671,1.1008135741064025,0.25339618537007624,0.9800721146960187,0.7241996000759857,0.5,0.8452380952380953
deep_high_conflict_competitive,2,4,3,4.0,high,0.15,False,True,0.5304687700150712,7,mean_field,0.02800961713858563,0.11525528194128809,0.025008586730880016,0.30881916308889007,0.2219198358993628,0.5,0.6071428571428572
deep_high_conflict_competitive,2,4,3,4.0,high,0.15,False,True,0.5304687700150712,7,sampling,0.010821944962438948,0.058827726989383364,0.009662450859320472,0.0005097643924873441,0.010539684237922743,1.0,0.9880952380952381
deep_high_conflict_competitive,2,4,3,4.0,high,0.15,False,True,0.5304687700150712,8,no_mixing,0.09011841784437624,2.0495603421823048,0.08046287307533592,0.24265628963998237,0.37901117759420894,0.0,0.07142857142857141
deep_high_conflict_competitive,2,4,3,4.0,high,0.15,False,True,0.5304687700150712,8,aggregate,0.0892449120528008,1.9250180159776569,0.07968295719000071,0.33216549710255294,0.39707721864197904,0.5,0.5833333333333335
deep_high_conflict_competitive,2,4,3,4.0,high,0.15,False,True,0.5304687700150712,8,mean_field,0.02530110858410652,0.4731002762159773,0.022590275521523682,0.06947858093533679,0.199603460401652,0.0,0.7500000000000001
deep_high_conflict_competitive,2,4,3,4.0,high,0.15,False,True,0.5304687700150712,8,sampling,0.006801283805832205,0.10994197454643806,0.006072574826635889,0.003616689273999496,0.04422874659353739,1.0,0.9047619047619048
deep_high_conflict_competitive,2,4,3,4.0,high,0.15,False,True,0.5304687700150712,9,no_mixing,0.22454069373124924,1.5146410074063776,0.25515987924005595,0.7528416690376901,0.6698452831606684,0.5,0.5833333333333335
deep_high_conflict_competitive,2,4,3,4.0,high,0.15,False,True,0.5304687700150712,9,aggregate,0.15546608924961372,1.2248621769112118,0.17666601051092468,1.039418445793617,0.8004857336203126,0.0,0.7857142857142858
deep_high_conflict_competitive,2,4,3,4.0,high,0.15,False,True,0.5304687700150712,9,mean_field,0.03471839247745156,0.28121337988575806,0.030998564712010308,0.007732211444756561,0.04318217825549229,0.5,0.7738095238095238
deep_high_conflict_competitive,2,4,3,4.0,high,0.15,False,True,0.5304687700150712,9,sampling,0.0015464251223669193,0.01345046980467694,0.0017573012754169455,0.0020979439799842445,0.021591170592924515,1.0,0.9523809523809523
